company_name,scripture_reference
A Perfect Knowledge,Moroni 7:15
Invite To Do Good,Moroni 7:16
Know the Way,Moroni 7:15
Sent Forth By Power,Moroni 7:16
Search in the Light,Moroni 7:19
Learn Wisdom,Alma 37:35
Every Good Gift,Moroni 10:30
Walk in Love,Mosiah 4:15
Rejoice Exceedingly,Alma 17:2
Strong in Truth,Alma 17:2
Distinguished for Zeal,Alma 27:27
Firm in the Faith,Alma 27:27
True at All Times,Alma 53:20
Always Remember,Mosiah 4:30
Arise and Stand,Alma 36:8
Joyful Soul,Alma 36:20
Seek the Kingdom,Jacob 2:17–19
Intent to Do Good,Jacob 2:17–19
Great and Eternal Purpose,Alma 37:6
Unshaken Faith,2 Nephi 31:19
Hope, Love, Endure,2 Nephi 31:20
Press Forward,2 Nephi 31:20
Brightness of Hope,2 Nephi 31:20
Go and Do,1 Nephi 3:7
Free to Choose,2 Nephi 2:27
Invite All to Come,2 Nephi 26:33
Those Who Hearken,2 Nephi 28:30
Pray Always,2 Nephi 32:8–9
Love to Serve,Mosiah 2:17
Blessed and Happy,Mosiah 2:41
Patient and Willing,Mosiah 3:19
Full of Love,Mosiah 3:19
Energy of Heart,Moroni 7: 48
Power to Become,Mosiah 3:19
Choose to Believe,Mosiah 4:9
Called to Serve,Mosiah 18:8-10
Desire of Our Hearts,Mosiah 18:8-10
Stand As a Witness,Mosiah 18:8-10
Covenant Keepers,Mosiah 18:8-10
Happy Are We,Alma 41:10
Built on the Rock,Helaman 5:12
Show Unto the World,Ether 12:6
Witness of Faith,Ether 12:6
Repent and Rejoice,D&C 58:43
Rejoice in Truth,Moroni 7: 45
Ask in Faith,Moroni 10:4-5
Truth Seekers,Moroni: 10:4-5
Fear Not,D&C 6:36
Of Great Worth,D&C 18: 10-11
With Great Joy,D&C 18: 15-16
Walk in Holiness,D&C 21: 4-6
Preach My Gospel,D&C 42: 11
Teach One Another,D&C 88: 118
Seek Diligently,D&C 88: 118
By Study and Faith,D&C 88: 118
Words of Wisdom,D&C 88: 118
Walk in Obedience,D&C 89:18-21
Remember and Do,D&C 89:18-21
Engaged in the Cause,D&C 58:27-28
Devoted to Good,D&C 58:27-28
Bring Forth Power,D&C 135:3
Embrace Truth,D&C 88:40
Teach the Doctrine,D&C 88:77
Magnify Your Mission,D&C 88:80
Strong in Confidence,D&C 121:45
Song of the Righteous,D&C 25:12
Strength in Faith,Ether 12:27
Made Free,D&C 88:86
Full of Joy,D&C 59:9–13
Shine Forth,D&C 115:5
That We Might Know,JSH 1:18
A Peculiar Treasure,Exodus 19:5-6
Choose You This Day,Joshua 24:15
WIth All Thine Heart,Proverbs 3:5-6
Reason Together,Isaiah 1:18
Meek in Heart,Matthew 11:28-30
Keys Of The Kingdom,Matthew 16:19
All Good Works,2 Timothy 3:15-17
Be One,1 Corinthians 11:11
Honor the Promise,Ephesians 6:1–3
Disciples in Faith,1 Timothy 4:12
Arise and Go Forth,Luke 17:12–19
Work and Glory,Moses 1:39
One Heart and Mind,Moses 7:18
Followers of Righteousness,Abraham 3:1
Noble and Great,Abraham 3:22-23
A Marvelous Work,Isaiah 29:13-14
Stand Forever,Daniel 2:44
The Windows of Heaven,Malachi 3:8-10
Turn The Heart,Malachi 4:5-6